ticker,rank,asof,variant,score,pct_rank,quintile,target_weight_new_tranche,last_adj_close,adv20_dollars,drivers
PANW,1,2026-09-02,beta_hedged,0.5682889667176486,1.0,5,0.005,328.4800109863281,2096879876.0,vol_10d(+0.016) | vol_63d(+0.012) | ret_63d(+0.009)
NEM,2,2026-09-02,beta_hedged,0.5345092210940335,0.9948717948717949,5,0.005,125.16000366210938,1043700814.0,vol_63d(+0.009) | ret_63d(+0.005) | close_vs_sma50(+0.005)
ZBRA,3,2026-09-02,beta_hedged,0.5342104105413242,0.9897435897435898,5,0.005,351.1099853515625,252278302.0,vol_63d(+0.011) | vol_63d_rank(+0.006) | ret_21d_rank(+0.004)
NOW,4,2026-09-02,beta_hedged,0.5329006998176501,0.9846153846153847,5,0.005,136.72000122070312,2360289029.0,vol_63d(+0.012) | ret_63d(+0.007) | vol_10d(+0.006)
BIIB,5,2026-09-02,beta_hedged,0.530651484617141,0.9794871794871794,5,0.005,222.6699981689453,160534349.0,close_vs_sma200(+0.008) | vol_63d_rank(+0.005) | ret_63d(+0.003)
IT,6,2026-09-02,beta_hedged,0.5284304771704754,0.9743589743589743,5,0.005,186.75,258251903.0,vol_63d(+0.013) | close_vs_sma50(+0.005) | vol_63d_rank(+0.005)
DASH,7,2026-09-02,beta_hedged,0.52836469865324,0.9692307692307692,5,0.005,226.24000549316406,1005146550.0,close_vs_sma200(+0.006) | ret_63d(+0.004) | mkt_dispersion(+0.004)
SMCI,8,2026-09-02,beta_hedged,0.5265050859460402,0.9641025641025641,5,0.005,37.0,1940886336.0,vol_63d(+0.014) | mkt_dispersion(-0.009) | vol_10d(+0.005)
GDDY,9,2026-09-02,beta_hedged,0.5264801202776886,0.958974358974359,5,0.005,101.87000274658203,173366020.0,vol_63d(+0.011) | vol_63d_rank(+0.006) | close_vs_sma50(+0.004)
DXCM,10,2026-09-02,beta_hedged,0.5262212016318583,0.9538461538461539,5,0.005,89.69000244140625,400211332.0,close_vs_sma200(+0.006) | ret_63d(+0.004) | vol_63d_rank(+0.004)
CTSH,11,2026-09-02,beta_hedged,0.5251894367704087,0.9487179487179487,5,0.005,63.400001525878906,431994397.0,vol_63d(+0.008) | vol_63d_rank(+0.005) | close_vs_sma50(+0.004)
GRMN,12,2026-09-02,beta_hedged,0.5226602543727942,0.9435897435897436,5,0.005,276.0400085449219,259040721.0,close_vs_sma200(+0.008) | vol_63d_rank(+0.006) | ret_63d(+0.002)
EXPE,13,2026-09-02,beta_hedged,0.5222399326976316,0.9384615384615385,5,0.005,308.05999755859375,487199294.0,mkt_dispersion(+0.005) | close_vs_sma200(+0.005) | vol_63d(+0.005)
CRL,14,2026-09-02,beta_hedged,0.521984982548001,0.9333333333333333,5,0.005,291.760009765625,278148143.0,close_vs_sma200(+0.006) | vol_21d(-0.005) | mkt_dispersion(+0.005)
RVTY,15,2026-09-02,beta_hedged,0.5215039711315957,0.9282051282051282,5,0.005,130.94000244140625,183714657.0,close_vs_sma200(+0.007) | vol_63d_rank(+0.004) | close_vs_sma50(+0.003)
INCY,16,2026-09-02,beta_hedged,0.5206973897505393,0.9230769230769231,5,0.005,128.8300018310547,158013623.0,close_vs_sma200(+0.007) | vol_63d_rank(+0.006) | mkt_dispersion(+0.003)
FCX,17,2026-09-02,beta_hedged,0.5190350541856198,0.9179487179487179,5,0.005,73.93000030517578,1056016603.0,close_vs_sma200(+0.007) | vol_63d(+0.005) | close_vs_sma50(+0.005)
MSFT,18,2026-09-02,beta_hedged,0.5186452370207383,0.9128205128205128,5,0.005,496.82000732421875,12411624662.0,ret_63d(+0.005) | vol_63d_rank(+0.004) | ret_63d_rank(+0.004)
ACN,19,2026-09-02,beta_hedged,0.5175632339028363,0.9076923076923077,5,0.005,187.67999267578125,924341893.0,vol_63d(+0.012) | close_vs_sma50(+0.004) | vol_63d_rank(+0.004)
TXN,20,2026-09-02,beta_hedged,0.5174696216989102,0.9025641025641026,5,0.005,254.8000030517578,1528737920.0,vol_63d(+0.005) | bb_position(+0.004) | vol_63d_rank(+0.004)
EL,21,2026-09-02,beta_hedged,0.5173212307986279,0.8974358974358975,5,0.005,101.1500015258789,362716772.0,close_vs_sma50(+0.005) | ret_63d(+0.004) | vol_63d(+0.004)
TECH,22,2026-09-02,beta_hedged,0.5167992908552829,0.8923076923076924,5,0.005,72.30000305175781,187258059.0,vol_63d_rank(+0.004) | close_vs_sma200(+0.004) | mkt_dispersion(+0.004)
PNR,23,2026-09-02,beta_hedged,0.5167871345684315,0.8871794871794871,5,0.005,59.84000015258789,243872620.0,vol_63d_rank(+0.004) | vol_63d(+0.004) | bb_position(+0.004)
MRK,24,2026-09-02,beta_hedged,0.5166186405130792,0.882051282051282,5,0.005,151.63999938964844,1604589600.0,close_vs_sma200(+0.007) | close_vs_sma50(+0.004) | mkt_dispersion(+0.004)
COP,25,2026-09-02,beta_hedged,0.516458672289069,0.8769230769230769,5,0.005,137.1999969482422,890228861.0,close_vs_sma200(+0.007) | close_vs_sma50(+0.004) | vol_63d(-0.003)
TGT,26,2026-09-02,beta_hedged,0.516450227618744,0.8717948717948718,5,0.005,163.36000061035156,787493397.0,close_vs_sma200(+0.007) | vol_63d(-0.003) | mkt_dispersion(+0.003)
WDAY,27,2026-09-02,beta_hedged,0.5162584760983836,0.8666666666666667,5,0.005,200.8699951171875,974884960.0,vol_63d(+0.008) | close_vs_sma50(+0.005) | vol_63d_rank(+0.004)
ISRG,28,2026-09-02,beta_hedged,0.5154118018664681,0.8615384615384616,5,0.005,371.8800048828125,924664975.0,vol_63d(+0.007) | vol_63d_rank(+0.004) | bb_position(+0.002)
REGN,29,2026-09-02,beta_hedged,0.5141307873328397,0.8564102564102564,5,0.005,852.030029296875,590569202.0,close_vs_sma200(+0.006) | vol_63d(-0.004) | close_vs_sma50(+0.003)
ANET,30,2026-09-02,beta_hedged,0.5134496444317761,0.8512820512820513,5,0.005,186.10000610351562,1337956517.0,vol_63d(+0.009) | vol_63d_rank(+0.004) | close_vs_sma200(+0.003)
ADBE,31,2026-09-02,beta_hedged,0.5132869510989122,0.8461538461538461,5,0.005,279.7900085449219,1171940602.0,vol_63d(+0.006) | close_vs_sma50(+0.004) | vol_63d_rank(+0.003)
ORCL,32,2026-09-02,beta_hedged,0.5131566090216002,0.841025641025641,5,0.005,145.75,3325117908.0,vol_63d(+0.015) | vol_63d_rank(+0.004) | vol_21d(-0.003)
PTC,33,2026-09-02,beta_hedged,0.5131410885315472,0.8358974358974359,5,0.005,149.1300048828125,173804214.0,vol_63d(+0.006) | close_vs_sma50(+0.003) | vol_21d(-0.003)
PWR,34,2026-09-02,beta_hedged,0.5120708770641708,0.8307692307692308,5,0.005,610.780029296875,695166072.0,vol_63d(+0.007) | vol_63d_rank(+0.003) | bb_position(+0.003)
MAS,35,2026-09-02,beta_hedged,0.5119312289124475,0.8256410256410256,5,0.005,70.94000244140625,142919779.0,vol_63d_rank(+0.005) | vol_21d(+0.003) | amihud(+0.002)
BBY,36,2026-09-02,beta_hedged,0.5116653662044869,0.8205128205128205,5,0.005,87.0,333124574.0,close_vs_sma200(+0.006) | vol_63d_rank(+0.004) | vol_63d(-0.003)
TSLA,37,2026-09-02,beta_hedged,0.5114678284878292,0.8153846153846154,5,0.005,357.010009765625,11905001924.0,vol_63d(+0.014) | vol_63d_rank(+0.004) | vol_21d(-0.003)
FSLR,38,2026-09-02,beta_hedged,0.5114091225694622,0.8102564102564103,5,0.005,202.60000610351562,502434789.0,vol_63d(+0.007) | vol_63d_rank(+0.003) | vol_21d(-0.003)
TJX,39,2026-09-02,beta_hedged,0.511318874683388,0.8051282051282052,5,0.005,131.30999755859375,1045009008.0,sharpe_mom_21(+0.007) | vol_63d_rank(-0.006) | sharpe_mom_63(+0.005)
ADI,40,2026-09-02,beta_hedged,0.5112697681560596,0.8,4,0.005,355.7099914550781,1324309071.0,vol_63d_rank(+0.004) | vol_21d(+0.003) | bb_position(+0.002)
PODD,41,2026-09-02,beta_hedged,0.5109701510749337,0.7948717948717948,4,0.0,148.13999938964844,291129217.0,vol_21d(+0.010) | vol_63d(+0.008) | vol_63d_rank(+0.005)
QCOM,42,2026-09-02,beta_hedged,0.510841367586571,0.7897435897435897,4,0.0,169.9600067138672,1512611111.0,vol_63d(+0.011) | vol_63d_rank(+0.004) | mkt_dispersion(-0.002)
DHR,43,2026-09-02,beta_hedged,0.5102393368924064,0.7846153846153846,4,0.0,209.91000366210938,669647737.0,vol_63d_rank(+0.006) | ret_63d(+0.003) | vol_63d(-0.003)
GPC,44,2026-09-02,beta_hedged,0.5096688039092299,0.7794871794871795,4,0.0,137.14999389648438,150952434.0,vol_63d_rank(+0.006) | vol_63d(-0.003) | mkt_dispersion(+0.002)
GEV,45,2026-09-02,beta_hedged,0.5095959173448311,0.7743589743589744,4,0.0,921.9400024414062,1989815933.0,vol_63d(+0.010) | vol_63d_rank(+0.003) | bb_position(+0.003)
CARR,46,2026-09-02,beta_hedged,0.5094146778696197,0.7692307692307693,4,0.0,57.58000183105469,315915804.0,sharpe_mom_21(+0.005) | vol_63d_rank(+0.004) | vol_63d(-0.004)
CTVA,47,2026-09-02,beta_hedged,0.5093342394197058,0.764102564102564,4,0.0,89.97000122070312,359152141.0,vol_63d_rank(+0.004) | vol_63d(-0.003) | ret_63d(+0.002)
CF,48,2026-09-02,beta_hedged,0.5091250759871517,0.7589743589743589,4,0.0,139.27000427246094,315511317.0,close_vs_sma200(+0.007) | close_vs_sma50(+0.003) | vol_63d_rank(+0.003)
SLB,49,2026-09-02,beta_hedged,0.5089884259894341,0.7538461538461538,4,0.0,58.130001068115234,627690324.0,close_vs_sma200(+0.006) | ret_63d(-0.004) | close_vs_sma50(+0.002)
MCHP,50,2026-09-02,beta_hedged,0.5085658006127445,0.7487179487179487,4,0.0,72.76000213623047,722317462.0,vol_63d(+0.011) | vol_21d_rank(-0.004) | vol_63d_rank(+0.003)
RL,51,2026-09-02,beta_hedged,0.5084919405501407,0.7435897435897436,4,0.0,336.5,265506260.0,bb_position(+0.003) | vol_63d_rank(+0.003) | vol_63d(+0.003)
IR,52,2026-09-02,beta_hedged,0.5083831085183004,0.7384615384615385,4,0.0,75.0,291869637.0,sharpe_mom_21(+0.005) | vol_63d(-0.003) | vol_63d_rank(+0.003)
AKAM,53,2026-09-02,beta_hedged,0.5074978304541072,0.7333333333333333,4,0.0,105.08999633789062,393891147.0,vol_63d(+0.006) | vol_21d(-0.004) | vol_63d_rank(+0.003)
ROP,54,2026-09-02,beta_hedged,0.5072299577430099,0.7282051282051282,4,0.0,415.7900085449219,282678746.0,vol_63d(-0.004) | vol_63d_rank(+0.003) | close_vs_sma50(+0.003)
CRM,55,2026-09-02,beta_hedged,0.5068883083177823,0.7230769230769231,4,0.0,256.92999267578125,3563179693.0,vol_10d(+0.008) | ret_5d(-0.008) | ret_63d(+0.006)
AVGO,56,2026-09-02,beta_hedged,0.5065511702108165,0.717948717948718,4,0.0,367.239990234375,7343031392.0,vol_63d(+0.009) | vol_63d_rank(+0.004) | vol_21d(-0.003)
BKNG,57,2026-09-02,beta_hedged,0.5054531092462319,0.7128205128205128,4,0.0,199.60000610351562,1069315831.0,vol_63d_rank(+0.004) | vol_63d(-0.004) | vol_21d(-0.003)
JBL,58,2026-09-02,beta_hedged,0.5054336350988199,0.7076923076923077,4,0.0,299.3900146484375,319655108.0,vol_63d(+0.004) | vol_63d_rank(+0.004) | bb_position(+0.003)
NTAP,59,2026-09-02,beta_hedged,0.5054112539405361,0.7025641025641025,4,0.0,180.77000427246094,456987300.0,ret_63d(-0.004) | close_vs_sma200(+0.004) | vol_63d_rank(+0.003)
ALGN,60,2026-09-02,beta_hedged,0.5053202708989225,0.6974358974358974,4,0.0,159.14999389648438,135094178.0,vol_21d(-0.004) | vol_63d(+0.003) | bb_position(+0.003)
CMI,61,2026-09-02,beta_hedged,0.5053083151661558,0.6923076923076923,4,0.0,550.9000244140625,535541621.0,vol_63d_rank(+0.004) | vol_63d(-0.003) | close_vs_sma200(-0.002)
VRT,62,2026-09-02,beta_hedged,0.5052661415332156,0.6871794871794872,4,0.0,256.70001220703125,1137671780.0,vol_63d(+0.009) | vol_63d_rank(+0.003) | vol_21d(-0.002)
ADM,63,2026-09-02,beta_hedged,0.5052189142608334,0.6820512820512821,4,0.0,85.37999725341797,302914690.0,close_vs_sma200(+0.006) | vol_63d(-0.003) | mkt_dispersion(+0.002)
VRTX,64,2026-09-02,beta_hedged,0.5051104168796907,0.676923076923077,4,0.0,556.75,590721643.0,close_vs_sma200(+0.006) | vol_63d(-0.005) | close_vs_sma50(+0.003)
SWKS,65,2026-09-02,beta_hedged,0.5050650357093548,0.6717948717948717,4,0.0,71.66999816894531,359602569.0,vol_63d(+0.004) | vol_63d_rank(+0.003) | vol_21d(-0.003)
CIEN,66,2026-09-02,beta_hedged,0.5048870696472902,0.6666666666666666,4,0.0,354.1600036621094,786783203.0,vol_63d(+0.009) | mkt_dispersion(-0.008) | atr_pct(+0.006)
ODFL,67,2026-09-02,beta_hedged,0.5048251184677558,0.6615384615384615,4,0.0,187.61000061035156,305562668.0,vol_63d_rank(+0.003) | vol_63d(-0.003) | close_vs_sma200(-0.002)
ULTA,68,2026-09-02,beta_hedged,0.5044013008813945,0.6564102564102564,4,0.0,551.739990234375,421740140.0,vol_21d(-0.003) | close_vs_sma50(+0.003) | ret_63d(+0.003)
GOOGL,69,2026-09-02,beta_hedged,0.5042183259097511,0.6512820512820513,4,0.0,337.1199951171875,8164613230.0,vol_63d_rank(+0.005) | vol_63d(-0.004) | vol_21d(+0.003)
BDX,70,2026-09-02,beta_hedged,0.5042146227224513,0.6461538461538462,4,0.0,187.52000427246094,332315376.0,close_vs_sma200(+0.005) | vol_63d(-0.005) | vol_63d_rank(-0.005)
CHRW,71,2026-09-02,beta_hedged,0.5040139746211661,0.6410256410256411,4,0.0,145.1999969482422,200549749.0,vol_63d_rank(+0.004) | vol_63d(+0.003) | sharpe_mom_21(-0.002)
LH,72,2026-09-02,beta_hedged,0.5033971115906182,0.6358974358974359,4,0.0,331.6600036621094,214573538.0,vol_63d_rank(-0.008) | close_vs_sma200(+0.006) | vol_63d(-0.005)
TRMB,73,2026-09-02,beta_hedged,0.5031833031825587,0.6307692307692307,4,0.0,59.11000061035156,235497840.0,vol_63d_rank(+0.004) | vol_63d(-0.003) | close_vs_sma200(-0.002)
TPR,74,2026-09-02,beta_hedged,0.502798692279222,0.6256410256410256,4,0.0,123.13999938964844,506992791.0,vol_63d(+0.006) | ret_21d_rank(-0.004) | vol_21d_rank(-0.004)
ADSK,75,2026-09-02,beta_hedged,0.502721243889979,0.6205128205128205,4,0.0,241.72999572753906,474148402.0,vol_63d_rank(+0.003) | vol_63d(+0.003) | vol_21d(-0.003)
GEHC,76,2026-09-02,beta_hedged,0.5025707434382402,0.6153846153846154,4,0.0,70.55999755859375,193050415.0,vol_63d_rank(+0.006) | vol_63d(-0.005) | close_vs_sma200(-0.004)
PHM,77,2026-09-02,beta_hedged,0.5023886460633152,0.6102564102564103,4,0.0,123.69999694824219,159528370.0,vol_63d_rank(+0.005) | vol_63d(-0.003) | close_vs_sma200(-0.003)
WAT,78,2026-09-02,beta_hedged,0.5022877905333126,0.6051282051282051,4,0.0,412.20001220703125,324463774.0,vol_63d(-0.005) | ret_63d(+0.002) | vol_21d(+0.001)
NUE,79,2026-09-02,beta_hedged,0.5021888403174556,0.6,3,0.0,263.9700012207031,375891346.0,close_vs_sma200(+0.006) | ret_63d(-0.003) | vol_21d(-0.002)
GILD,80,2026-09-02,beta_hedged,0.502105518402468,0.5948717948717949,3,0.0,149.61000061035156,847519293.0,vol_63d(-0.006) | close_vs_sma50(+0.004) | vol_63d_rank(-0.003)
CDNS,81,2026-09-02,beta_hedged,0.5018958765231338,0.5897435897435898,3,0.0,306.6700134277344,675897231.0,vol_21d(-0.003) | bb_position(+0.002) | close_vs_sma200(-0.002)
SNPS,82,2026-09-02,beta_hedged,0.5017301687035495,0.5846153846153846,3,0.0,415.9700012207031,699196076.0,vol_10d(+0.006) | mkt_dispersion(-0.005) | mkt_breadth(+0.002)
STLD,83,2026-09-02,beta_hedged,0.501721076434347,0.5794871794871795,3,0.0,247.63999938964844,283863913.0,close_vs_sma200(+0.006) | ret_63d(-0.003) | vol_21d(-0.003)
SYK,84,2026-09-02,beta_hedged,0.501257922533361,0.5743589743589743,3,0.0,312.19000244140625,719440636.0,vol_63d_rank(+0.004) | vol_63d(-0.003) | close_vs_sma200(-0.003)
ABT,85,2026-09-02,beta_hedged,0.5010777543668347,0.5692307692307692,3,0.0,110.47000122070312,860415755.0,vol_63d(-0.005) | vol_21d(+0.002) | ret_63d(+0.002)
CLX,86,2026-09-02,beta_hedged,0.5002347652434896,0.5641025641025641,3,0.0,94.2699966430664,299147690.0,vol_63d(-0.004) | vol_63d_rank(+0.003) | close_vs_sma200(-0.003)
NKE,87,2026-09-02,beta_hedged,0.500152071359624,0.558974358974359,3,0.0,38.2400016784668,1096846364.0,vol_63d(-0.004) | vol_63d_rank(+0.003) | close_vs_sma200(-0.003)
PKG,88,2026-09-02,beta_hedged,0.5001320474970588,0.5538461538461539,3,0.0,233.5399932861328,143540520.0,vol_21d(-0.005) | vol_63d_rank(+0.003) | vol_63d(-0.003)
COR,89,2026-09-02,beta_hedged,0.4999747065485774,0.5487179487179488,3,0.0,336.3599853515625,448568341.0,vol_63d(-0.004) | vol_63d_rank(-0.003) | vol_10d(-0.002)
TMO,90,2026-09-02,beta_hedged,0.4997588862671245,0.5435897435897435,3,0.0,608.5399780273438,999965190.0,vol_63d(-0.005) | vol_10d(-0.002) | vol_21d(+0.002)
DECK,91,2026-09-02,beta_hedged,0.49967879974532736,0.5384615384615384,3,0.0,83.76000213623047,222968628.0,vol_63d(-0.003) | vol_21d(-0.003) | close_vs_sma200(-0.003)
EFX,92,2026-09-02,beta_hedged,0.4996783422034194,0.5333333333333333,3,0.0,185.47999572753906,195381875.0,vol_21d(-0.003) | vol_63d_rank(+0.003) | vol_63d(+0.003)
CEG,93,2026-09-02,beta_hedged,0.49957659290928996,0.5282051282051282,3,0.0,290.0400085449219,693441806.0,vol_63d(-0.004) | vol_63d_rank(+0.003) | close_vs_sma200(-0.003)
RMD,94,2026-09-02,beta_hedged,0.49938127989179115,0.5230769230769231,3,0.0,230.8699951171875,353479147.0,vol_63d(-0.004) | vol_63d_rank(+0.004) | close_vs_sma200(-0.004)
BLDR,95,2026-09-02,beta_hedged,0.4993432586349284,0.517948717948718,3,0.0,63.09000015258789,132242285.0,vol_63d(+0.007) | vol_21d(-0.005) | vol_63d_rank(+0.004)
MCK,96,2026-09-02,beta_hedged,0.49933581982181935,0.5128205128205128,3,0.0,924.780029296875,871462491.0,vol_63d(-0.004) | close_vs_sma50(+0.002) | vol_21d(-0.001)
TTD,97,2026-09-02,beta_hedged,0.49932321437044447,0.5076923076923077,3,0.0,14.550000190734863,435806085.0,vol_21d(+0.011) | ret_21d_rank(-0.008) | vol_63d(+0.007)
TEL,98,2026-09-02,beta_hedged,0.4992758322284159,0.5025641025641026,3,0.0,202.2100067138672,407954753.0,vol_63d_rank(+0.004) | vol_63d(-0.004) | close_vs_sma200(-0.003)
AOS,99,2026-09-02,beta_hedged,0.499157845580912,0.49743589743589745,3,0.0,59.2599983215332,79237309.0,vol_63d(-0.004) | close_vs_sma200(-0.002) | vol_21d(+0.002)
EOG,100,2026-09-02,beta_hedged,0.4988882497826134,0.49230769230769234,3,0.0,148.9600067138672,424428801.0,vol_63d(-0.004) | vol_63d_rank(+0.004) | vol_21d(-0.002)
NXPI,101,2026-09-02,beta_hedged,0.49878448233834155,0.48717948717948717,3,0.0,228.5,712923761.0,vol_63d_rank(+0.004) | close_vs_sma200(-0.002) | vol_63d(+0.002)
BKR,102,2026-09-02,beta_hedged,0.4987157059166785,0.48205128205128206,3,0.0,64.62999725341797,400598413.0,vol_63d(-0.004) | vol_63d_rank(+0.002) | vol_21d(+0.001)
SHW,103,2026-09-02,beta_hedged,0.4986106354265573,0.47692307692307695,3,0.0,331.25,570799875.0,vol_63d(-0.004) | close_vs_sma200(-0.004) | vol_63d_rank(+0.003)
MDT,104,2026-09-02,beta_hedged,0.49821949504510105,0.4717948717948718,3,0.0,92.18000030517578,679097799.0,vol_63d(-0.005) | vol_63d_rank(-0.003) | sharpe_mom_63(+0.002)
EXPD,105,2026-09-02,beta_hedged,0.4981072058195355,0.4666666666666667,3,0.0,186.16000366210938,154703292.0,vol_63d_rank(-0.009) | close_vs_sma200(+0.007) | vol_63d(-0.005)
GNRC,106,2026-09-02,beta_hedged,0.49810054984847313,0.46153846153846156,3,0.0,180.75999450683594,206114128.0,vol_63d(+0.007) | vol_21d(-0.005) | vol_63d_rank(+0.004)
MKC,107,2026-09-02,beta_hedged,0.49803933953421603,0.4564102564102564,3,0.0,53.79999923706055,126663018.0,vol_63d(-0.006) | close_vs_sma200(-0.003) | amihud(+0.002)
TER,108,2026-09-02,beta_hedged,0.49802874207282627,0.4512820512820513,3,0.0,341.6199951171875,964568887.0,atr_pct(+0.007) | vol_63d(+0.006) | vol_63d_rank(-0.004)
LULU,109,2026-09-02,beta_hedged,0.4980031835990508,0.4461538461538462,3,0.0,120.06999969482422,416348395.0,vol_21d(-0.003) | vol_63d_rank(+0.003) | ret_63d(-0.002)
WSM,110,2026-09-02,beta_hedged,0.4977936960068028,0.441025641025641,3,0.0,221.72000122070312,258881589.0,vol_63d(-0.004) | ret_21d_rank(+0.002) | vol_21d(+0.001)
EPAM,111,2026-09-02,beta_hedged,0.4974208493894114,0.4358974358974359,3,0.0,117.19999694824219,148310477.0,vol_63d(+0.008) | vol_63d_rank(+0.005) | vol_21d_rank(-0.004)
ALLE,112,2026-09-02,beta_hedged,0.49741329728022327,0.4307692307692308,3,0.0,155.07000732421875,225260274.0,vol_63d(-0.005) | vol_10d(-0.002) | close_vs_sma200(-0.002)
JNJ,113,2026-09-02,beta_hedged,0.4973849705812929,0.4256410256410256,3,0.0,275.2099914550781,1692214228.0,vol_63d_rank(-0.009) | close_vs_sma200(+0.007) | vol_63d(-0.006)
DVN,114,2026-09-02,beta_hedged,0.4973663820347376,0.4205128205128205,3,0.0,49.029998779296875,490461503.0,vol_63d(-0.004) | vol_21d(-0.003) | close_vs_sma50(+0.003)
XOM,115,2026-09-02,beta_hedged,0.4973193727068234,0.4153846153846154,3,0.0,164.14999389648438,2259880609.0,vol_63d(-0.004) | vol_63d_rank(-0.002) | close_vs_sma50(+0.001)
ROST,116,2026-09-02,beta_hedged,0.49725438219633683,0.41025641025641024,3,0.0,230.85000610351562,661094941.0,vol_63d(-0.004) | vol_63d_rank(-0.002) | vol_10d(+0.001)
A,117,2026-09-02,beta_hedged,0.4971988614612102,0.40512820512820513,3,0.0,151.38999938964844,326578857.0,vol_63d(-0.005) | vol_63d_rank(-0.002) | close_vs_sma50(+0.001)
EMR,118,2026-09-02,beta_hedged,0.49712121975795687,0.4,2,0.0,148.97999572753906,396816020.0,vol_63d(-0.004) | close_vs_sma200(-0.002) | ret_63d(-0.001)
JBHT,119,2026-09-02,beta_hedged,0.49701016987785757,0.39487179487179486,2,0.0,260.2200012207031,221496633.0,vol_21d(-0.004) | vol_63d(-0.004) | vol_63d_rank(+0.003)
JCI,120,2026-09-02,beta_hedged,0.496980151175133,0.38974358974358975,2,0.0,139.25,439549997.0,vol_63d(-0.005) | close_vs_sma200(-0.002) | vol_21d(+0.001)
ROL,121,2026-09-02,beta_hedged,0.4968465310728741,0.38461538461538464,2,0.0,35.709999084472656,166686453.0,sharpe_mom_63(+0.006) | vol_63d(-0.005) | close_vs_sma200(-0.004)
VMC,122,2026-09-02,beta_hedged,0.4966869626721471,0.37948717948717947,2,0.0,263.92999267578125,235132787.0,vol_63d(-0.004) | close_vs_sma200(-0.003) | vol_21d(+0.001)
CSCO,123,2026-09-02,beta_hedged,0.4966011471514858,0.37435897435897436,2,0.0,109.45999908447266,2305456503.0,vol_63d(-0.004) | vol_63d_rank(+0.003) | vol_21d(-0.003)
ALB,124,2026-09-02,beta_hedged,0.49633281970120025,0.36923076923076925,2,0.0,137.75,275927690.0,vol_21d(-0.004) | ret_63d_rank(-0.003) | close_vs_sma200(-0.003)
XYL,125,2026-09-02,beta_hedged,0.49633047617283693,0.3641025641025641,2,0.0,106.73999786376953,185109764.0,vol_63d(-0.004) | ret_21d_rank(+0.003) | close_vs_sma200(-0.003)
VRSN,126,2026-09-02,beta_hedged,0.49631760770140954,0.358974358974359,2,0.0,289.9599914550781,206088568.0,vol_63d_rank(+0.004) | vol_63d(-0.003) | ret_63d(-0.002)
AAPL,127,2026-09-02,beta_hedged,0.496213165466727,0.35384615384615387,2,0.0,324.9599914550781,12659890390.0,vol_63d(-0.004) | vol_63d_rank(+0.003) | vol_21d(+0.002)
BSX,128,2026-09-02,beta_hedged,0.49613057493308116,0.3487179487179487,2,0.0,48.369998931884766,937723619.0,vol_63d(-0.004) | vol_21d(-0.003) | vol_63d_rank(+0.003)
ROK,129,2026-09-02,beta_hedged,0.49598885040141977,0.3435897435897436,2,0.0,425.3599853515625,332247711.0,vol_63d(-0.004) | vol_21d(-0.002) | ret_21d_rank(+0.002)
EBAY,130,2026-09-02,beta_hedged,0.4959855035985809,0.3384615384615385,2,0.0,106.69999694824219,485852830.0,vol_63d(-0.003) | vol_63d_rank(+0.002) | close_vs_sma200(-0.001)
VLTO,131,2026-09-02,beta_hedged,0.49596124355774324,0.3333333333333333,2,0.0,97.20999908447266,139354115.0,vol_63d(-0.005) | vol_63d_rank(-0.003) | sharpe_mom_63(+0.002)
CDW,132,2026-09-02,beta_hedged,0.49585812437471866,0.3282051282051282,2,0.0,148.6699981689453,274020911.0,vol_21d(-0.004) | vol_63d_rank(+0.003) | vol_63d(+0.002)
WAB,133,2026-09-02,beta_hedged,0.4958199128642851,0.3230769230769231,2,0.0,279.80999755859375,267547738.0,vol_63d(-0.005) | close_vs_sma200(-0.001) | vol_63d_rank(+0.001)
IEX,134,2026-09-02,beta_hedged,0.4956634898808203,0.31794871794871793,2,0.0,224.61000061035156,152866586.0,vol_63d(-0.005) | vol_63d_rank(-0.005) | vol_21d(+0.001)
COO,135,2026-09-02,beta_hedged,0.49559734807389066,0.3128205128205128,2,0.0,69.7300033569336,120333339.0,vol_63d(-0.005) | close_vs_sma200(-0.004) | vol_10d(-0.002)
IDXX,136,2026-09-02,beta_hedged,0.49553027436266683,0.3076923076923077,2,0.0,538.989990234375,358081783.0,vol_63d(-0.004) | vol_21d(-0.003) | vol_63d_rank(+0.002)
HAL,137,2026-09-02,beta_hedged,0.49541034606524104,0.30256410256410254,2,0.0,37.630001068115234,368036050.0,close_vs_sma50(+0.004) | vol_21d(-0.004) | vol_63d(-0.003)
CTAS,138,2026-09-02,beta_hedged,0.4950860136463627,0.29743589743589743,2,0.0,198.08999633789062,350860224.0,vol_63d(-0.005) | vol_21d_rank(-0.002) | sharpe_mom_63(+0.001)
AMD,139,2026-09-02,beta_hedged,0.4950504422853553,0.2923076923076923,2,0.0,457.05999755859375,9713857579.0,vol_21d(-0.003) | vol_63d_rank(+0.002) | ret_10d(+0.002)
PPG,140,2026-09-02,beta_hedged,0.49499643802772014,0.28717948717948716,2,0.0,111.30999755859375,144948390.0,vol_63d(-0.005) | close_vs_sma200(-0.003) | vol_63d_rank(+0.002)
DHI,141,2026-09-02,beta_hedged,0.49477022533896803,0.28205128205128205,2,0.0,142.25999450683594,279465226.0,vol_63d(-0.004) | vol_63d_rank(+0.004) | vol_21d(-0.003)
UBER,142,2026-09-02,beta_hedged,0.4946013230326675,0.27692307692307694,2,0.0,76.44999694824219,1439584271.0,vol_21d(-0.003) | vol_63d_rank(+0.003) | ret_63d(-0.003)
AVY,143,2026-09-02,beta_hedged,0.49441974443582165,0.2717948717948718,2,0.0,174.4199981689453,189883543.0,vol_63d(-0.005) | vol_63d_rank(-0.002) | close_vs_sma200(-0.001)
POOL,144,2026-09-02,beta_hedged,0.49434133315770495,0.26666666666666666,2,0.0,182.99000549316406,119734718.0,vol_21d(-0.004) | vol_63d_rank(+0.003) | vol_63d(-0.003)
ABBV,145,2026-09-02,beta_hedged,0.49430583454301735,0.26153846153846155,2,0.0,261.7200012207031,1128022552.0,vol_63d(-0.006) | vol_63d_rank(-0.003) | vol_10d(-0.002)
WY,146,2026-09-02,beta_hedged,0.494299000455328,0.2564102564102564,2,0.0,23.190000534057617,121502374.0,vol_63d(-0.005) | close_vs_sma200(-0.002) | ret_21d_rank(+0.002)
EQIX,147,2026-09-02,beta_hedged,0.49412785238269863,0.2512820512820513,2,0.0,1019.239990234375,698918629.0,vol_63d(-0.004) | vol_21d(-0.003) | close_vs_sma200(-0.001)
TT,148,2026-09-02,beta_hedged,0.49408178549485005,0.24615384615384617,2,0.0,439.0199890136719,421113011.0,vol_63d(-0.005) | close_vs_sma200(-0.003) | vol_21d(+0.001)
KMB,149,2026-09-02,beta_hedged,0.49377979403846056,0.24102564102564103,2,0.0,109.29000091552734,323552460.0,vol_63d(-0.006) | vol_63d_rank(-0.003) | vol_10d(-0.002)
HD,150,2026-09-02,beta_hedged,0.49353606462710836,0.2358974358974359,2,0.0,318.510009765625,1239682367.0,vol_63d(-0.004) | close_vs_sma200(-0.002) | vol_63d_rank(-0.002)
UPS,151,2026-09-02,beta_hedged,0.4934451658690091,0.23076923076923078,2,0.0,103.01000213623047,473996861.0,vol_63d(-0.004) | close_vs_sma200(-0.003) | vol_63d_rank(+0.002)
ORLY,152,2026-09-02,beta_hedged,0.49231401504202843,0.22564102564102564,2,0.0,86.97000122070312,414194066.0,vol_63d(-0.005) | close_vs_sma200(-0.003) | vol_21d(+0.001)
LRCX,153,2026-09-02,beta_hedged,0.49229255124489874,0.2205128205128205,2,0.0,288.32000732421875,2399784197.0,vol_63d(+0.006) | vol_63d_rank(-0.004) | vol_21d(-0.003)
FTNT,154,2026-09-02,beta_hedged,0.4922282540094505,0.2153846153846154,2,0.0,154.5399932861328,725828013.0,ret_63d(-0.006) | close_vs_sma200(+0.004) | mkt_dispersion(-0.003)
MNST,155,2026-09-02,beta_hedged,0.49213434316141963,0.21025641025641026,2,0.0,44.41999816894531,473225487.0,vol_63d(+0.008) | ret_21d_rank(-0.006) | vol_63d_rank(-0.006)
DOV,156,2026-09-02,beta_hedged,0.49213092562299215,0.20512820512820512,2,0.0,188.89999389648438,203652415.0,vol_63d(-0.005) | close_vs_sma200(-0.002) | vol_63d_rank(-0.002)
MDLZ,157,2026-09-02,beta_hedged,0.49194627737678814,0.2,1,0.0,62.45000076293945,427631115.0,vol_63d(-0.004) | vol_63d_rank(-0.002) | vol_21d(+0.001)
ITW,158,2026-09-02,beta_hedged,0.4918377933018827,0.19487179487179487,1,0.0,269.0899963378906,266792978.0,vol_63d_rank(-0.009) | sharpe_mom_21(+0.008) | vol_63d(-0.006)
LLY,159,2026-09-02,beta_hedged,0.4914977221738144,0.18974358974358974,1,0.0,1160.0799560546875,3348907702.0,vol_63d(-0.004) | vol_21d(-0.004) | vol_63d_rank(+0.003)
TSCO,160,2026-09-02,beta_hedged,0.4906332563013784,0.18461538461538463,1,0.0,34.86000061035156,378357151.0,vol_63d(-0.006) | close_vs_sma200(-0.005) | vol_63d_rank(-0.003)
APD,161,2026-09-02,beta_hedged,0.49028639515536415,0.1794871794871795,1,0.0,309.45001220703125,288054554.0,vol_63d(-0.005) | vol_63d_rank(-0.003) | vol_21d_rank(-0.001)
LOW,162,2026-09-02,beta_hedged,0.4901931453441109,0.17435897435897435,1,0.0,199.83999633789062,639604755.0,vol_63d(-0.005) | close_vs_sma200(-0.003) | vol_63d_rank(-0.002)
CRWD,163,2026-09-02,beta_hedged,0.49008168182318507,0.16923076923076924,1,0.0,203.4199981689453,2060307428.0,mkt_dispersion(-0.010) | vol_10d(+0.009) | vol_63d(+0.006)
HSY,164,2026-09-02,beta_hedged,0.49000285514340153,0.1641025641025641,1,0.0,177.42999267578125,209144103.0,vol_63d(-0.006) | close_vs_sma200(-0.002) | vol_63d_rank(-0.002)
GLW,165,2026-09-02,beta_hedged,0.4895009676104945,0.15897435897435896,1,0.0,144.1300048828125,1412448020.0,vol_63d_rank(-0.006) | vol_63d(+0.005) | mkt_dispersion(-0.003)
KLAC,166,2026-09-02,beta_hedged,0.48938105108285085,0.15384615384615385,1,0.0,172.25999450683594,1783079049.0,vol_63d_rank(-0.005) | vol_63d(+0.003) | ret_10d(+0.002)
CPRT,167,2026-09-02,beta_hedged,0.4893115313231739,0.14871794871794872,1,0.0,32.15999984741211,321080771.0,vol_63d(-0.003) | close_vs_sma200(-0.003) | vol_21d(-0.003)
CAH,168,2026-09-02,beta_hedged,0.48923153608277353,0.14358974358974358,1,0.0,245.49000549316406,420802737.0,vol_63d_rank(-0.009) | vol_63d(-0.006) | ret_63d(+0.002)
MU,169,2026-09-02,beta_hedged,0.48854356670515625,0.13846153846153847,1,0.0,956.0800170898438,26817478779.0,vol_63d(+0.009) | amihud(-0.006) | vol_63d_rank(-0.005)
NSC,170,2026-09-02,beta_hedged,0.4883315165020485,0.13333333333333333,1,0.0,330.05999755859375,411173155.0,vol_63d_rank(-0.006) | mkt_dispersion(-0.002) | vol_63d(-0.002)
ON,171,2026-09-02,beta_hedged,0.48826675943205583,0.1282051282051282,1,0.0,72.33999633789062,592689071.0,vol_63d(+0.006) | vol_63d_rank(-0.005) | vol_21d(-0.003)
UNP,172,2026-09-02,beta_hedged,0.4875188764832299,0.12307692307692308,1,0.0,289.7300109863281,731341304.0,vol_63d_rank(-0.008) | vol_63d(-0.006) | vol_10d(-0.002)
DD,173,2026-09-02,beta_hedged,0.4868096819079229,0.11794871794871795,1,0.0,132.92999267578125,172532129.0,vol_63d_rank(-0.009) | vol_63d(-0.005) | close_vs_sma200(-0.003)
AMAT,174,2026-09-02,beta_hedged,0.4855903667587673,0.11282051282051282,1,0.0,438.4599914550781,3644236067.0,vol_63d_rank(-0.004) | vol_21d(-0.003) | ret_21d_rank(-0.002)
STX,175,2026-09-02,beta_hedged,0.4850728710014944,0.1076923076923077,1,0.0,808.5399780273438,3444155913.0,atr_pct(+0.005) | vol_21d_rank(-0.005) | vol_63d(+0.005)
PG,176,2026-09-02,beta_hedged,0.4844853245634477,0.10256410256410256,1,0.0,147.63999938964844,1333551539.0,vol_63d_rank(-0.005) | mkt_dispersion(-0.002) | close_vs_sma200(-0.002)
COHR,177,2026-09-02,beta_hedged,0.4843255677375761,0.09743589743589744,1,0.0,268.6400146484375,2353619578.0,vol_63d_rank(-0.007) | vol_21d_rank(-0.005) | mkt_dispersion(-0.004)
FAST,178,2026-09-02,beta_hedged,0.4842349775827978,0.09230769230769231,1,0.0,47.93000030517578,333724597.0,vol_63d_rank(-0.008) | vol_63d(-0.005) | close_vs_sma200(-0.001)
KVUE,179,2026-09-02,beta_hedged,0.4840693813395118,0.08717948717948718,1,0.0,19.1299991607666,389444663.0,vol_63d_rank(-0.009) | vol_63d(-0.006) | vol_10d(-0.002)
MMM,180,2026-09-02,beta_hedged,0.483716817495988,0.08205128205128205,1,0.0,168.75,472899589.0,vol_63d_rank(-0.009) | vol_63d(-0.007) | vol_21d_rank(-0.002)
CHD,181,2026-09-02,beta_hedged,0.48365536524697267,0.07692307692307693,1,0.0,99.31999969482422,173876240.0,vol_63d_rank(-0.009) | vol_63d(-0.005) | close_vs_sma200(-0.002)
WELL,182,2026-09-02,beta_hedged,0.4827520993603196,0.07179487179487179,1,0.0,238.58999633789062,662590394.0,vol_63d_rank(-0.010) | vol_63d(-0.008) | vol_10d(-0.002)
LIN,183,2026-09-02,beta_hedged,0.4814484133847176,0.06666666666666667,1,0.0,487.45001220703125,938772203.0,vol_63d_rank(-0.007) | mkt_dispersion(-0.003) | vol_63d(-0.001)
MAA,184,2026-09-02,beta_hedged,0.4811677234090781,0.05897435897435897,1,0.0,128.61000061035156,105171535.0,vol_63d_rank(-0.008) | close_vs_sma200(-0.002) | vol_63d(-0.002)
CPT,185,2026-09-02,beta_hedged,0.4811677234090781,0.05897435897435897,1,0.0,105.54000091552734,86636879.0,vol_63d_rank(-0.008) | close_vs_sma200(-0.002) | vol_63d(-0.002)
ECL,186,2026-09-02,beta_hedged,0.481083868905289,0.05128205128205128,1,0.0,279.8999938964844,400967557.0,vol_63d_rank(-0.009) | vol_63d(-0.007) | mkt_dispersion(-0.002)
CL,187,2026-09-02,beta_hedged,0.4806944419190257,0.046153846153846156,1,0.0,90.0999984741211,369671308.0,vol_63d_rank(-0.009) | vol_63d(-0.006) | vol_21d_rank(-0.002)
OTIS,188,2026-09-02,beta_hedged,0.479521145185305,0.041025641025641026,1,0.0,70.83000183105469,231075319.0,vol_63d_rank(-0.009) | vol_63d(-0.006) | close_vs_sma200(-0.003)
EW,189,2026-09-02,beta_hedged,0.47891497810074707,0.035897435897435895,1,0.0,90.81999969482422,262878235.0,vol_63d_rank(-0.009) | vol_63d(-0.007) | mkt_dispersion(-0.002)
NVDA,190,2026-09-02,beta_hedged,0.4782445055355851,0.03076923076923077,1,0.0,224.41000366210938,27712240840.0,amihud(-0.006) | vol_21d(-0.004) | ret_63d(-0.004)
PLD,191,2026-09-02,beta_hedged,0.47668044741562493,0.02564102564102564,1,0.0,136.58999633789062,522071918.0,vol_63d_rank(-0.009) | vol_63d(-0.007) | close_vs_sma200(-0.003)
RSG,192,2026-09-02,beta_hedged,0.47655031404473397,0.020512820512820513,1,0.0,222.52000427246094,316952513.0,vol_63d_rank(-0.009) | vol_63d(-0.005) | mkt_dispersion(-0.003)
WM,193,2026-09-02,beta_hedged,0.4756708491025286,0.015384615384615385,1,0.0,219.0399932861328,443038239.0,vol_63d_rank(-0.009) | vol_63d(-0.006) | close_vs_sma200(-0.003)
CSX,194,2026-09-02,beta_hedged,0.4753330041247676,0.010256410256410256,1,0.0,48.650001525878906,469637586.0,vol_63d_rank(-0.011) | vol_63d(-0.008) | mkt_dispersion(-0.003)
PEP,195,2026-09-02,beta_hedged,0.4744669861980271,0.005128205128205128,1,0.0,140.52000427246094,894959188.0,vol_63d_rank(-0.009) | vol_63d(-0.007) | close_vs_sma200(-0.003)
